<application>
  <component name="AppStorage">
    <histories>
      <item value="movies" />
      <item value="score" />
      <item value="first Name" />
      <item value="template" />
      <item value="declared Annotation" />
      <item value="post Process After Instantiation" />
      <item value="is Assignable From" />
      <item value="is Annotation Present" />
      <item value="is Directory" />
      <item value="scan" />
      <item value="Customize Bean Post Processor" />
      <item value="four" />
      <item value="遍历" />
      <item value="My Header Parameter" />
      <item value="Parameter" />
      <item value="Paramter" />
      <item value="predicates" />
      <item value="predicates:" />
      <item value="持久化" />
      <item value="自定义" />
      <item value="Vendor Extension" />
      <item value="license" />
      <item value="licens" />
      <item value="Contents of collection 'headers' are updated, but never queried" />
      <item value="origin" />
      <item value="The maximum number of tolerable server reconnection errors has been reached" />
      <item value="common" />
      <item value="commons" />
      <item value="comman" />
      <item value="commans" />
      <item value="Method has too many Body parameters: public abstract java.lang.Float com.myself.springcloud.service.FeignService.divide(java.lang.Float,java.lang.Float" />
      <item value="Required User parameter 'user' is not present" />
      <item value="参数" />
      <item value="parameter" />
      <item value="Unsatisfied Dependency Exception" />
      <item value="provider" />
      <item value="Is Expired Exception" />
      <item value="Is Expried Exception" />
      <item value="Illegal Argument Exception" />
      <item value="Result Maps collection already contains value for com.myself.shiro.mapper.UserMapper.BaseResultMap" />
      <item value="拦截器" />
      <item value="achieve" />
      <item value="实现" />
      <item value="重置" />
      <item value="around" />
      <item value="principals" />
      <item value="Principal Collection" />
      <item value="原型" />
      <item value="Bean Definition" />
      <item value="模拟" />
    </histories>
    <option name="languageScores">
      <map>
        <entry key="CHINESE" value="128" />
        <entry key="ENGLISH" value="128" />
        <entry key="FRENCH" value="2" />
        <entry key="CATALAN" value="1" />
        <entry key="GREEK" value="2" />
        <entry key="INDONESIAN" value="1" />
      </map>
    </option>
  </component>
</application>