<?xml version="1.0" encoding="utf-8" ?>
<!--
    此文件是mybatis的主配置文件
-->

<!--约束文件
    mybatis-3-config.dtd约束文件名称，特定的
-->
<!DOCTYPE configuration
        PUBLIC "-//mybatis.org//DTD Config 3.0//EN"
        "http://mybatis.org/dtd/mybatis-3-config.dtd">

<configuration>
    <!-- 输出日志 -->
    <settings>
        <setting name="logImpl" value="STDOUT_LOGGING"/>
    </settings>
    
    <!-- 设置别名：该包下的所有类名就是别名 -->
    <typeAliases>
        <package name=""/>
    </typeAliases>
    
    <environments default="development">
        <environment id="development">
            <transactionManager type="JDBC"/>
            <dataSource type="POOLED">
                <property name="driver" value="com.mysql.jdbc.Driver"/> <!--数据库驱动-->
                <property name="url" value="jdbc:mysql://localhost:3306/test"/> <!--数据库地址-->
                <property name="username" value="root"/> <!--数据库用户-->
                <property name="password" value="1206495X"/> <!--数据库用户密码-->
            </dataSource>
        </environment>
    </environments>

    <mappers>
        <!-- 一次性加载该包下的所有xml文件 -->
        <package name=""/>
    </mappers>
</configuration>
